一人	ひとり	1	ひとり,いちにん,いちじん	https://kotobank.jp/word/%E4%B8%80%E4%BA%BA-433437
一人一人	ひとりひとり	0	ひとりひとり	https://kotobank.jp/word/%E4%B8%80%E4%BA%BA%E4%B8%80%E4%BA%BA-611810
一個	いっこ	0	いっこ	https://kotobank.jp/word/%E4%B8%80%E5%80%8B-434079
一分	いちぶん	1	いちぶん,いちぶ	https://kotobank.jp/word/%E4%B8%80%E5%88%86-433633
一匹	いっぴき	0	いっぴき	https://kotobank.jp/word/%E4%B8%80%E5%8C%B9-434596
一回	いっかい	0	いっかい	https://kotobank.jp/word/%E4%B8%80%E5%9B%9E-433928
一年	いちねん	1	いちねん,ひととせ	https://kotobank.jp/word/%E4%B8%80%E5%B9%B4-433522
一年生	いちねんせい	0	いちねんせい	https://kotobank.jp/word/%E4%B8%80%E5%B9%B4%E7%94%9F-433535
一方通行	いっぽうつうこう	0	いっぽうつうこう	https://kotobank.jp/word/%E4%B8%80%E6%96%B9%E9%80%9A%E8%A1%8C-434661
一日	ひとひ	1	ひとひ,いちにち,いちじつ,ついたち,いっぴ	https://kotobank.jp/word/%E4%B8%80%E6%97%A5-433373
一日中	いちにちじゅう	0	いちにちじゅう	https://kotobank.jp/word/%E4%B8%80%E6%97%A5%E4%B8%AD-680799
一本	いっぽん	1	いっぽん,ひともと	https://kotobank.jp/word/%E4%B8%80%E6%9C%AC-434664
一杯	いっぱい	1	いっぱい,ひとはた	https://kotobank.jp/word/%E4%B8%80%E6%9D%AF-434512
一枚	いちまい	0	いちまい	https://kotobank.jp/word/%E4%B8%80%E6%9E%9A-433682
一輪	いちりん	0	いちりん	https://kotobank.jp/word/%E4%B8%80%E8%BC%AA-433860
一週間	いっしゅうかん	0	いっしゅうかん	https://kotobank.jp/word/%E4%B8%80%E9%80%B1%E9%96%93-434208
七日	なぬか	1	なぬか,なのか	https://kotobank.jp/word/%E4%B8%83%E6%97%A5-589341
三分	さんぶん	0	さんぶん	https://kotobank.jp/word/%E4%B8%89%E5%88%86-514763
三年	さんねん	1	さんねん,みとせ	https://kotobank.jp/word/%E4%B8%89%E5%B9%B4-514520
三日	みか	1	みか,さんじつ,みっか	https://kotobank.jp/word/%E4%B8%89%E6%97%A5-513588
三毛猫	みけねこ	0	みけねこ	https://kotobank.jp/word/%E4%B8%89%E6%AF%9B%E7%8C%AB-637491
上下	じょうげ	1	じょうげ,うえした,かみしも,しょうか,じょうか,かるめる	https://kotobank.jp/word/%E4%B8%8A%E4%B8%8B-79068
下駄箱	げたばこ	0	げたばこ	https://kotobank.jp/word/%E4%B8%8B%E9%A7%84%E7%AE%B1-490222
九九	くく	0	くく	https://kotobank.jp/word/%E4%B9%9D%E4%B9%9D-482868
九日	ここのか	1	ここのか,ここぬか	https://kotobank.jp/word/%E4%B9%9D%E6%97%A5-500396
予防接種	よぼうせっしゅ	0	よぼうせっしゅ	https://kotobank.jp/word/%E4%BA%88%E9%98%B2%E6%8E%A5%E7%A8%AE-146479
二人	ににん	1	ににん,ふたり	https://kotobank.jp/word/%E4%BA%8C%E4%BA%BA-592512
二十日	はつか	0	はつか	https://kotobank.jp/word/%E4%BA%8C%E5%8D%81%E6%97%A5-602240
二十歳	はたとせ	0	はたとせ	https://kotobank.jp/word/%E4%BA%8C%E5%8D%81%E6%AD%B3-601790
二年生	にねんせい	0	にねんせい	https://kotobank.jp/word/%E4%BA%8C%E5%B9%B4%E7%94%9F-592526
二日	ふつか	0	ふつか	https://kotobank.jp/word/%E4%BA%8C%E6%97%A5-619041
二番	にばん	0	にばん	https://kotobank.jp/word/%E4%BA%8C%E7%95%AA-592577
二重	ふたえ	1	ふたえ,にじゅう	https://kotobank.jp/word/%E4%BA%8C%E9%87%8D-109573
五日	いつか	0	いつか	https://kotobank.jp/word/%E4%BA%94%E6%97%A5-433924
五時	ごじ	0	ごじ	https://kotobank.jp/word/%E4%BA%94%E6%99%82-64645
交通安全	こうつうあんぜん	0	こうつうあんぜん	https://kotobank.jp/word/%E4%BA%A4%E9%80%9A%E5%AE%89%E5%85%A8-496621
体操服	たいそうふく	0	たいそうふく	https://kotobank.jp/word/%E4%BD%93%E6%93%8D%E6%9C%8D-1729124
保健室	ほけんしつ	0	ほけんしつ	https://kotobank.jp/word/%E4%BF%9D%E5%81%A5%E5%AE%A4-680065
保護者	ほごしゃ	0	ほごしゃ	https://kotobank.jp/word/%E4%BF%9D%E8%AD%B7%E8%80%85-629724
信号機	しんごうき	0	しんごうき	https://kotobank.jp/word/%E4%BF%A1%E5%8F%B7%E6%A9%9F-537344
健康診断	けんこうしんだん	0	けんこうしんだん	https://kotobank.jp/word/%E5%81%A5%E5%BA%B7%E8%A8%BA%E6%96%AD-60434
元日	がんじつ	1	がんじつ,がんにち	https://kotobank.jp/word/%E5%85%83%E6%97%A5-48851
児童会	じどうかい	0	じどうかい	https://kotobank.jp/word/%E5%85%90%E7%AB%A5%E4%BC%9A-522041
入学式	にゅうがくしき	0	にゅうがくしき	https://kotobank.jp/word/%E5%85%A5%E5%AD%A6%E5%BC%8F-170820
八日	やか	1	やか,ようか	https://kotobank.jp/word/%E5%85%AB%E6%97%A5-647576
八王子市	はちおうじし	0	はちおうじし	https://kotobank.jp/word/%E5%85%AB%E7%8E%8B%E5%AD%90%E5%B8%82-114751
六日	むいか	1	むいか,むゆか	https://kotobank.jp/word/%E5%85%AD%E6%97%A5-140206
六時	ろくじ	0	ろくじ	https://kotobank.jp/word/%E5%85%AD%E6%99%82-663329
出席停止	しゅっせきていし	0	しゅっせきていし	https://kotobank.jp/word/%E5%87%BA%E5%B8%AD%E5%81%9C%E6%AD%A2-190115
副校長	ふくこうちょう	0	ふくこうちょう	https://kotobank.jp/word/%E5%89%AF%E6%A0%A1%E9%95%B7-182860
北極星	ほっきょくせい	0	ほっきょくせい	https://kotobank.jp/word/%E5%8C%97%E6%A5%B5%E6%98%9F-133449
十分	じゅうぶん	0	じゅうぶん	https://kotobank.jp/word/%E5%8D%81%E5%88%86-527600
十日	とおか	0	とおか	https://kotobank.jp/word/%E5%8D%81%E6%97%A5-581796
千人	せんにん	0	せんにん	https://kotobank.jp/word/%E5%8D%83%E4%BA%BA-550985
卒業式	そつぎょうしき	0	そつぎょうしき	https://kotobank.jp/word/%E5%8D%92%E6%A5%AD%E5%BC%8F-170819
商店街	しょうてんがい	0	しょうてんがい	https://kotobank.jp/word/%E5%95%86%E5%BA%97%E8%A1%97-79565
四日	よっか	1	よっか,よか	https://kotobank.jp/word/%E5%9B%9B%E6%97%A5-653588
四時	しじ	1	しじ,しいじ	https://kotobank.jp/word/%E5%9B%9B%E6%99%82-515807
図書室	としょしつ	0	としょしつ	https://kotobank.jp/word/%E5%9B%B3%E6%9B%B8%E5%AE%A4-583590
外国語	がいこくご	0	がいこくご	https://kotobank.jp/word/%E5%A4%96%E5%9B%BD%E8%AA%9E-457276
始業式	しぎょうしき	0	しぎょうしき	https://kotobank.jp/word/%E5%A7%8B%E6%A5%AD%E5%BC%8F-518043
委員会	いいんかい	0	いいんかい	https://kotobank.jp/word/%E5%A7%94%E5%93%A1%E4%BC%9A-430588
学童保育	がくどうほいく	0	がくどうほいく	https://kotobank.jp/word/%E5%AD%A6%E7%AB%A5%E4%BF%9D%E8%82%B2-227913
学級会	がっきゅうかい	0	がっきゅうかい	https://kotobank.jp/word/%E5%AD%A6%E7%B4%9A%E4%BC%9A-464176
学芸会	がくげいかい	0	がくげいかい	https://kotobank.jp/word/%E5%AD%A6%E8%8A%B8%E4%BC%9A-43582
家庭科	かていか	0	かていか	https://kotobank.jp/word/%E5%AE%B6%E5%BA%AD%E7%A7%91-464694
家庭訪問	かていほうもん	0	かていほうもん	https://kotobank.jp/word/%E5%AE%B6%E5%BA%AD%E8%A8%AA%E5%95%8F-464714
感染症	かんせんしょう	0	かんせんしょう	https://kotobank.jp/word/%E6%84%9F%E6%9F%93%E7%97%87-14199
救急車	きゅうきゅうしゃ	0	きゅうきゅうしゃ	https://kotobank.jp/word/%E6%95%91%E6%80%A5%E8%BB%8A-51976
日本	にほん	1	にほん,にっぽん	https://kotobank.jp/word/%E6%97%A5%E6%9C%AC-109930
朝日	あさひ	1	あさひ,ちょうじつ	https://kotobank.jp/word/%E6%9C%9D%E6%97%A5-25065
東西南北	とうざいなんぼく	0	とうざいなんぼく	https://kotobank.jp/word/%E6%9D%B1%E8%A5%BF%E5%8D%97%E5%8C%97-580247
林間学校	りんかんがっこう	0	りんかんがっこう	https://kotobank.jp/word/%E6%9E%97%E9%96%93%E5%AD%A6%E6%A0%A1-150276
横断歩道	おうだんほどう	0	おうだんほどう	https://kotobank.jp/word/%E6%A8%AA%E6%96%AD%E6%AD%A9%E9%81%93-449163
毎日	まいにち	0	まいにち	https://kotobank.jp/word/%E6%AF%8E%E6%97%A5-633034
河原	かわら	0	かわら	https://kotobank.jp/word/%E6%B2%B3%E5%8E%9F-48339
消費税	しょうひぜい	0	しょうひぜい	https://kotobank.jp/word/%E6%B6%88%E8%B2%BB%E7%A8%8E-4556
理科室	りかしつ	0	りかしつ	https://kotobank.jp/word/%E7%90%86%E7%A7%91%E5%AE%A4-2877104
生徒会	せいとかい	0	せいとかい	https://kotobank.jp/word/%E7%94%9F%E5%BE%92%E4%BC%9A-86301
生活科	せいかつか	0	せいかつか	https://kotobank.jp/word/%E7%94%9F%E6%B4%BB%E7%A7%91-155071
町内会	ちょうないかい	0	ちょうないかい	https://kotobank.jp/word/%E7%94%BA%E5%86%85%E4%BC%9A-98123
百人	ひゃくにん	0	ひゃくにん	https://kotobank.jp/word/%E7%99%BE%E4%BA%BA-612755
社会	しゃかい	0	しゃかい	https://kotobank.jp/word/%E7%A4%BE%E4%BC%9A-75542
社会科見学	しゃかいかけんがく	0	しゃかいかけんがく	https://kotobank.jp/word/%E7%A4%BE%E4%BC%9A%E7%A7%91%E8%A6%8B%E5%AD%A6-1736795
終業式	しゅうぎょうしき	0	しゅうぎょうしき	https://kotobank.jp/word/%E7%B5%82%E6%A5%AD%E5%BC%8F-1691313
自治会	じちかい	0	じちかい	https://kotobank.jp/word/%E8%87%AA%E6%B2%BB%E4%BC%9A-73805
自由研究	じゆうけんきゅう	0	じゆうけんきゅう	https://kotobank.jp/word/%E8%87%AA%E7%94%B1%E7%A0%94%E7%A9%B6-526624
視力検査	しりょくけんさ	0	しりょくけんさ	https://kotobank.jp/word/%E8%A6%96%E5%8A%9B%E6%A4%9C%E6%9F%BB-898244
誕生日	たんじょうび	0	たんじょうび	https://kotobank.jp/word/%E8%AA%95%E7%94%9F%E6%97%A5-95124
読書感想文	どくしょかんそうぶん	0	どくしょかんそうぶん	https://kotobank.jp/word/%E8%AA%AD%E6%9B%B8%E6%84%9F%E6%83%B3%E6%96%87-682095
警察署	けいさつしょ	0	けいさつしょ	https://kotobank.jp/word/%E8%AD%A6%E5%AF%9F%E7%BD%B2-58802
連絡帳	れんらくちょう	0	れんらくちょう	https://kotobank.jp/word/%E9%80%A3%E7%B5%A1%E5%B8%B3-687819
部活動	ぶかつどう	0	ぶかつどう	https://kotobank.jp/word/%E9%83%A8%E6%B4%BB%E5%8B%95-616768
郵便局	ゆうびんきょく	0	ゆうびんきょく	https://kotobank.jp/word/%E9%83%B5%E4%BE%BF%E5%B1%80-144876
防災頭巾	ぼうさいずきん	0	ぼうさいずきん	https://kotobank.jp/word/%E9%98%B2%E7%81%BD%E9%A0%AD%E5%B7%BE-627547
集団登校	しゅうだんとうこう	0	しゅうだんとうこう	https://kotobank.jp/word/%E9%9B%86%E5%9B%A3%E7%99%BB%E6%A0%A1-527240
雨天順延	うてんじゅんえん	0	うてんじゅんえん	https://kotobank.jp/word/%E9%9B%A8%E5%A4%A9%E9%A0%86%E5%BB%B6-441011
電話番号	でんわばんごう	0	でんわばんごう	https://kotobank.jp/word/%E9%9B%BB%E8%A9%B1%E7%95%AA%E5%8F%B7-579145
非常食	ひじょうしょく	0	ひじょうしょく	https://kotobank.jp/word/%E9%9D%9E%E5%B8%B8%E9%A3%9F-610069
音楽会	おんがくかい	0	おんがくかい	https://kotobank.jp/word/%E9%9F%B3%E6%A5%BD%E4%BC%9A-455693
音楽室	おんがくしつ	0	おんがくしつ	https://kotobank.jp/word/%E9%9F%B3%E6%A5%BD%E5%AE%A4-2879172
駐車場	ちゅうしゃじょう	0	ちゅうしゃじょう	https://kotobank.jp/word/%E9%A7%90%E8%BB%8A%E5%A0%B4-97255
一遍	いっぺん	0	いっぺん	https://kotobank.jp/word/%E4%B8%80%E9%81%8D-31571
万歳	まんざい	1	まんざい,ばんざい,ばんぜい	https://kotobank.jp/word/%E4%B8%87%E6%AD%B3-137919
田舎者	いなかもの	0	いなかもの	https://kotobank.jp/word/%E7%94%B0%E8%88%8E%E8%80%85-435102
大勢	おおぜい	1	おおぜい,たいせい,たいぜい	https://kotobank.jp/word/%E5%A4%A7%E5%8B%A2-450100
額	がく	1	ひたい,がく,ぬか	https://kotobank.jp/word/%E9%A1%8D-460037
一時	いちじ	1	いちじ,いっとき,ひととき	https://kotobank.jp/word/%E4%B8%80%E6%99%82-433336
十一月	じゅういちがつ	0	じゅういちがつ	https://kotobank.jp/word/%E5%8D%81%E4%B8%80%E6%9C%88-3228034
十二月	じゅうにがつ	0	じゅうにがつ	https://kotobank.jp/word/%E5%8D%81%E4%BA%8C%E6%9C%88-3228042
四月	しがつ	0	しがつ	https://kotobank.jp/word/%E5%9B%9B%E6%9C%88-517316
七月	しちがつ	0	しちがつ	https://kotobank.jp/word/%E4%B8%83%E6%9C%88-520749
九月	くがつ	0	くがつ	https://kotobank.jp/word/%E4%B9%9D%E6%9C%88-482778
八百屋	やおや	0	やおや	https://kotobank.jp/word/%E5%85%AB%E7%99%BE%E5%B1%8B-647569
大人	おとな	1	おとな,だいにん,たいじん,うし	https://kotobank.jp/word/%E5%A4%A7%E4%BA%BA-439500
今日	こんにち	1	こんにち,きょう,こんち,こんじつ	https://kotobank.jp/word/%E4%BB%8A%E6%97%A5-477559
明日	あした	1	あした,あす,みょうにち	https://kotobank.jp/word/%E6%98%8E%E6%97%A5-424515
昨日	きのう	1	きのう,きそ,さくじつ	https://kotobank.jp/word/%E6%98%A8%E6%97%A5-474115
今朝	けさ	1	けさ,こんちょう	https://kotobank.jp/word/%E4%BB%8A%E6%9C%9D-489849
今年	ことし	1	ことし,こんねん	https://kotobank.jp/word/%E4%BB%8A%E5%B9%B4-503069
一昨日	おとつい	1	おとつい,おととい,いっさくじつ	https://kotobank.jp/word/%E4%B8%80%E6%98%A8%E6%97%A5-434136
明後日	あさって	1	あさって,みょうごにち,あさて	https://kotobank.jp/word/%E6%98%8E%E5%BE%8C%E6%97%A5-424128
上手	じょうず	1	じょうず,うわて,かみて	https://kotobank.jp/word/%E4%B8%8A%E6%89%8B-162205
下手	へた	1	へた,しもて,したて	https://kotobank.jp/word/%E4%B8%8B%E6%89%8B-163485
七夕	たなばた	1	たなばた,しちせき	https://kotobank.jp/word/%E4%B8%83%E5%A4%95-93881
梅雨	ばいう	1	ばいう,つゆ	https://kotobank.jp/word/%E6%A2%85%E9%9B%A8-112670
果物	くだもの	1	くだもの,かぶつ	https://kotobank.jp/word/%E6%9E%9C%E7%89%A9-55456
眼鏡	めがね	1	めがね,がんきょう	https://kotobank.jp/word/%E7%9C%BC%E9%8F%A1-469497
素人	しろうと	1	しろうと,しらびと,しろと	https://kotobank.jp/word/%E7%B4%A0%E4%BA%BA-535584
玄人	くろうと	1	くろうと,くろと	https://kotobank.jp/word/%E7%8E%84%E4%BA%BA-486938
迷子	まいご	0	まいご	https://kotobank.jp/word/%E8%BF%B7%E5%AD%90-632937
部屋	へや	0	へや	https://kotobank.jp/word/%E9%83%A8%E5%B1%8B-130146
真面目	まじめ	1	まじめ,しんめんもく,しんめんぼく	https://kotobank.jp/word/%E7%9C%9F%E9%9D%A2%E7%9B%AE-539116
風邪	ふうじゃ	0	ふうじゃ	https://kotobank.jp/word/%E9%A2%A8%E9%82%AA-44719
心地	ここち	1	ここち,しんじ,しんち	https://kotobank.jp/word/%E5%BF%83%E5%9C%B0-81823
息子	むすこ	0	むすこ	https://kotobank.jp/word/%E6%81%AF%E5%AD%90-140523
行方	ゆくえ	1	ゆくえ,なめがた	https://kotobank.jp/word/%E8%A1%8C%E6%96%B9-589876
博士	はかせ	1	はかせ,はくし	https://kotobank.jp/word/%E5%8D%9A%E5%A3%AB-113477
紅葉	もみじ	1	もみじ,こうよう,もみじば	https://kotobank.jp/word/%E7%B4%85%E8%91%89-63295
景色	けしき	1	けしき,けいしょく	https://kotobank.jp/word/%E6%99%AF%E8%89%B2-488813
相撲	すもう	1	すもう,すまい	https://kotobank.jp/word/%E7%9B%B8%E6%92%B2-85069
土産	みやげ	1	みやげ,どさん	https://kotobank.jp/word/%E5%9C%9F%E7%94%A3-583333
清水	しみず	1	しみず,きよみず,せいすい	https://kotobank.jp/word/%E6%B8%85%E6%B0%B4-21808
大和	やまと	0	やまと	https://kotobank.jp/word/%E5%A4%A7%E5%92%8C-92316
仲人	なこうど	1	なこうど,ちゅうにん,なかびと,なかうど	https://kotobank.jp/word/%E4%BB%B2%E4%BA%BA-346617
若人	わこうど	1	わこうど,わかびと,わかうど	https://kotobank.jp/word/%E8%8B%A5%E4%BA%BA-664505
乳母	めのと	1	めのと,ちおも,まま,うば,おんば,にゅうぼ	https://kotobank.jp/word/%E4%B9%B3%E6%AF%8D-35035
叔父	しゅくふ	0	しゅくふ	https://kotobank.jp/word/%E5%8F%94%E7%88%B6-528298
叔母	しゅくぼ	0	しゅくぼ	https://kotobank.jp/word/%E5%8F%94%E6%AF%8D-528307
伯父	おじ	1	おじ,はくふ	https://kotobank.jp/word/%E4%BC%AF%E7%88%B6-452241
伯母	おば	1	おば,はくぼ	https://kotobank.jp/word/%E4%BC%AF%E6%AF%8D-453869
今月	こんげつ	0	こんげつ	https://kotobank.jp/word/%E4%BB%8A%E6%9C%88-505937
来月	らいげつ	0	らいげつ	https://kotobank.jp/word/%E6%9D%A5%E6%9C%88-655487
